{
  "ranges": {
    "min": {
      "meanSentenceLen": 7.113924050632911,
      "sentenceLenVariance": 15.062970677775999,
      "ttr": 0.3770599868160844,
      "hedgeRatio": 0,
      "directness": 0,
      "youDensity": 0.001514004542013626,
      "fnPronoun": 0.041635124905374715,
      "fnArticle": 0.05338078291814947,
      "fnPrep": 0.08718861209964412,
      "fnConj": 0.026690391459074734,
      "fnAux": 0.026495079485238455,
      "commaRate": 0.12658227848101267,
      "questionRate": 0,
      "dashRate": 0
    },
    "max": {
      "meanSentenceLen": 50.80769230769231,
      "sentenceLenVariance": 980.2539021852238,
      "ttr": 0.5963060686015831,
      "hedgeRatio": 0.00922874093605801,
      "directness": 0.189873417721519,
      "youDensity": 0.03558718861209965,
      "fnPronoun": 0.1423487544483986,
      "fnArticle": 0.09234828496042216,
      "fnPrep": 0.14734480179506357,
      "fnConj": 0.05998681608437706,
      "fnAux": 0.0870712401055409,
      "commaRate": 3.064516129032258,
      "questionRate": 0,
      "dashRate": 0.5161290322580645
    }
  },
  "rosterMedian": {
    "meanSentenceLen": 32.41201201201201,
    "sentenceLenVariance": 436.9241558675792,
    "ttr": 0.4132581530200051,
    "hedgeRatio": 0.0037740258339508527,
    "directness": 0,
    "youDensity": 0.021430820098688044,
    "fnPronoun": 0.12199296278065827,
    "fnArticle": 0.08007379837286618,
    "fnPrep": 0.1379978625921457,
    "fnConj": 0.03171029800383822,
    "fnAux": 0.07767786576367856,
    "commaRate": 1.9279279279279278,
    "questionRate": 0,
    "dashRate": 0.1248062015503876
  },
  "signatures": [
    {
      "lawyerId": "criminal-risk-01",
      "metrics": {
        "meanSentenceLen": 8.813953488372093,
        "sentenceLenVariance": 30.383991346673863,
        "ttr": 0.5963060686015831,
        "hedgeRatio": 0.005277044854881266,
        "directness": 0.18604651162790697,
        "youDensity": 0.021108179419525065,
        "fnPronoun": 0.1266490765171504,
        "fnArticle": 0.09234828496042216,
        "fnPrep": 0.10554089709762533,
        "fnConj": 0.0316622691292876,
        "fnAux": 0.0870712401055409,
        "commaRate": 0.13953488372093023,
        "questionRate": 0,
        "dashRate": 0.11627906976744186
      },
      "brief": {
        "label": "risk-first, clipped, directive",
        "cadence": "Short declarative blows followed by a single imperative; sentences rarely exceed fifteen words and never trail off.",
        "moves": [
          "Opens with the worst fact first to force immediate attention",
          "Issues blunt commands stripped of softening language",
          "Names the specific legal consequence of non-compliance before the client can rationalise inaction",
          "Closes each email with a hard deadline or a non-negotiable instruction",
          "Briefly signals his own counter-move to project control without inviting discussion"
        ],
        "lexicalFingerprint": [
          "Do not",
          "immediately",
          "serious",
          "destroy",
          "exposed",
          "narrow window",
          "adjust your expectations",
          "no exceptions",
          "by end of week",
          "before Friday"
        ],
        "hedgingPosture": "directive — qualifications appear only when quantifying probability against the client (e.g. 'serious probability'), never to soften commands or cushion bad news; Vane owns the assessment and transfers the risk of inaction squarely to the client",
        "exemplarLine": "We lost that argument. Adjust your expectations accordingly."
      }
    },
    {
      "lawyerId": "criminal-02",
      "metrics": {
        "meanSentenceLen": 7.113924050632911,
        "sentenceLenVariance": 15.062970677775999,
        "ttr": 0.5462633451957295,
        "hedgeRatio": 0,
        "directness": 0.189873417721519,
        "youDensity": 0.03558718861209965,
        "fnPronoun": 0.1423487544483986,
        "fnArticle": 0.05338078291814947,
        "fnPrep": 0.08718861209964412,
        "fnConj": 0.026690391459074734,
        "fnAux": 0.08362989323843416,
        "commaRate": 0.12658227848101267,
        "questionRate": 0,
        "dashRate": 0.10126582278481013
      },
      "brief": {
        "label": "risk-first, clipped, command-driven",
        "cadence": "Short declarative bursts, often one sentence per paragraph, with periodic longer explanatory sentences that land back on a blunt imperative",
        "moves": [
          "Opens with stark factual orientation — states the threat before anything else",
          "Issues numbered or stacked prohibitions in rapid succession",
          "Withholds reassurance until compliance conditions are met",
          "Closes with a compressed urgency marker that doubles as a deadline or call to action",
          "Reframes the client's past decisions as errors without extended moralising"
        ],
        "lexicalFingerprint": [
          "Do not",
          "immediately",
          "full stop",
          "calculus",
          "exposure",
          "categorically",
          "narrow window",
          "move correctly",
          "from here forward",
          "before — not after"
        ],
        "hedgingPosture": "directive — qualifications appear only to sharpen the threat, never to soften the instruction; uncertainty is weaponised ('today' after 'you are not the target') rather than used to comfort",
        "exemplarLine": "I will tell you where you stand after I see the documents. Not before."
      }
    },
    {
      "lawyerId": "realestate-01",
      "metrics": {
        "meanSentenceLen": 48.935483870967744,
        "sentenceLenVariance": 980.2539021852238,
        "ttr": 0.3770599868160844,
        "hedgeRatio": 0.00922874093605801,
        "directness": 0,
        "youDensity": 0.021753460777851022,
        "fnPronoun": 0.11733684904416612,
        "fnArticle": 0.07712590639419907,
        "fnPrep": 0.13579433091628212,
        "fnConj": 0.05998681608437706,
        "fnAux": 0.07382992748846408,
        "commaRate": 3.064516129032258,
        "questionRate": 0,
        "dashRate": 0.5161290322580645
      },
      "brief": {
        "label": "reassuring, methodical, client-centred warmth",
        "cadence": "Long, subordinate-clause-laden sentences that loop back to reassure before closing; each sentence carries its own qualification and its own comfort, producing a measured, unhurried forward motion.",
        "moves": [
          "Pre-empts client anxiety by naming the worry and then immediately defusing it",
          "Structures complexity into numbered or sequential stages to create a sense of orderly progress",
          "Signals transparency explicitly ('I want to be straightforward', 'I wanted to be transparent') before delivering any potentially unsettling information",
          "Closes each substantive point with an invitation to contact, reinforcing accessibility",
          "Marks positive milestones with genuine warmth ('genuinely good news', 'rather exciting juncture') to sustain client confidence"
        ],
        "lexicalFingerprint": [
          "entirely",
          "straightforward",
          "in my experience",
          "typically",
          "I will of course",
          "proactively on your behalf",
          "without difficulty",
          "in a structured and deliberate way",
          "sensible pace",
          "I would gently flag",
          "manageable",
          "reassuring"
        ],
        "hedgingPosture": "balanced — Jonathan offers clear recommendations and anticipated timelines but consistently wraps them in conditional qualifiers ('all things proceeding normally', 'in all likelihood', 'should be able to') and defers final decisions explicitly to the client, avoiding both blunt directiveness and excessive equivocation",